{"accuracy": [0.08443017303943634, 0.14478330314159393, 0.2003210335969925, 0.23531299829483032, 0.26516854763031006, 0.30529695749282837, 0.33707866072654724, 0.38812199234962463, 0.4134831428527832, 0.45842695236206055, 0.4908507168292999, 0.519422173500061, 0.5447832942008972, 0.5695024132728577, 0.6231139898300171, 0.6391653418540955, 0.6677367687225342, 0.6587479710578918, 0.6889245510101318, 0.6998394727706909, 0.7451043128967285, 0.7553772330284119, 0.775922954082489, 0.7617977261543274, 0.7900481820106506, 0.8115569949150085, 0.812199056148529, 0.8173354864120483, 0.8327447772026062, 0.8154093027114868, 0.8224719166755676, 0.8532905578613281], "loss": [5.040919303894043, 3.624289035797119, 3.0912740230560303, 2.7837140560150146, 2.6182520389556885, 2.419919967651367, 2.311366081237793, 2.132169723510742, 1.9840400218963623, 1.8425278663635254, 1.7399605512619019, 1.6247040033340454, 1.5264651775360107, 1.46128249168396, 1.2442500591278076, 1.1994431018829346, 1.1027942895889282, 1.0830763578414917, 1.0171775817871094, 0.9482240080833435, 0.8518356680870056, 0.8097248673439026, 0.7024237513542175, 0.7494261264801025, 0.6910219788551331, 0.6050236225128174, 0.6012274622917175, 0.598027765750885, 0.5469077825546265, 0.5677043199539185, 0.5927011370658875, 0.5076999664306641], "val_accuracy": [0.09686609357595444, 0.12820513546466827, 0.3162393271923065, 0.41025641560554504, 0.5128205418586731, 0.47578346729278564, 0.5498575568199158, 0.5584045648574829, 0.5441595315933228, 0.6495726704597473, 0.7236467003822327, 0.6837607026100159, 0.8290598392486572, 0.8490028381347656, 0.8689458966255188, 0.8945869207382202, 0.7435897588729858, 0.9002848863601685, 0.8917378783226013, 0.9230769276618958, 0.9259259104728699, 0.9259259104728699, 0.9373219609260559, 0.9373219609260559, 0.8176637887954712, 0.9316239356994629, 0.94017094373703, 0.9515669345855713, 0.945868968963623, 0.9316239356994629, 0.9515669345855713, 0.9544159770011902], "val_loss": [4.4931416511535645, 3.174945831298828, 2.3069095611572266, 2.107142686843872, 1.6839615106582642, 1.881430745124817, 1.5717499256134033, 1.647316813468933, 1.4738675355911255, 1.314011573791504, 0.9600870013237, 1.0474932193756104, 0.6809127926826477, 0.572068452835083, 0.4941605031490326, 0.42569130659103394, 0.9117018580436707, 0.3493712544441223, 0.4615875780582428, 0.29763391613960266, 0.29754501581192017, 0.2863907516002655, 0.257563978433609, 0.3118900954723358, 0.83186936378479, 0.27426445484161377, 0.24986110627651215, 0.23725458979606628, 0.24127312004566193, 0.3765784800052643, 0.24667873978614807, 0.22127191722393036]}